original_track_id,filtered_track_id,frame_index,bbox_x1,bbox_y1,bbox_x2,bbox_y2,bbox_center_x,bbox_center_y,bottom_center_x,bottom_center_y,confidence,court_region_score,size_score,duration_score,final_player_score,keep,rejection_reason
player_1,player_b,120,1289.339,1547.772,1451.548,1928.678,1370.443,1738.225,1370.4434999999999,1928.678,0.7312,0.45,0.9311,1.0,0.7726,True,
player_2,player_a,120,2240.313,410.176,2323.964,544.143,2282.138,477.16,2282.1385,544.143,0.6357,1.0,0.1689,1.0,0.8138,True,
unknown_3,,120,587.813,827.121,853.439,1088.808,720.626,957.965,720.626,1088.808,0.4774,0.05,1.0,1.0,0.5518,False,far_outside_court_region
unknown_4,,120,1726.972,214.394,1828.551,344.394,1777.761,279.394,1777.7615,344.394,0.4281,0.45,0.199,1.0,0.5438,False,lower_ranked_player_candidate
unknown_5,,120,2519.167,221.967,2600.129,356.662,2559.648,289.315,2559.648,356.662,0.3737,0.45,0.1643,1.0,0.5202,False,lower_ranked_player_candidate
unknown_6,,120,1025.926,853.423,1136.52,1006.399,1081.223,929.911,1081.223,1006.399,0.3577,0.45,0.255,1.0,0.5314,False,lower_ranked_player_candidate
unknown_7,,120,2143.14,187.01,2210.476,345.939,2176.808,266.475,2176.808,345.939,0.3214,0.45,0.1613,1.0,0.5029,False,lower_ranked_player_candidate
unknown_8,,120,1412.949,170.246,1474.362,333.489,1443.656,251.868,1443.6555,333.489,0.2812,0.45,0.1511,1.0,0.4882,False,lower_ranked_player_candidate
unknown_9,,120,1.717,1465.384,276.02,1744.634,138.869,1605.009,138.86849999999998,1744.634,0.274,0.05,1.0,1.0,0.4867,False,far_outside_court_region
unknown_10,,120,402.452,1041.443,578.912,1282.894,490.682,1162.169,490.682,1282.894,0.274,0.05,0.6421,1.0,0.4223,False,far_outside_court_region
unknown_11,,120,407.683,1054.187,524.042,1283.379,465.863,1168.783,465.8625,1283.379,0.2667,0.05,0.4019,1.0,0.3767,False,far_outside_court_region
player_1,player_b,121,1289.337,1547.535,1451.565,1928.706,1370.451,1738.121,1370.451,1928.706,0.7296,0.45,0.9319,1.0,0.7722,True,
player_2,player_a,121,2240.507,410.292,2324.119,543.99,2282.313,477.141,2282.313,543.99,0.6339,1.0,0.1685,1.0,0.8132,True,
unknown_3,,121,587.703,827.307,853.754,1088.766,720.728,958.037,720.7284999999999,1088.766,0.4785,0.05,1.0,1.0,0.5521,False,far_outside_court_region
unknown_4,,121,1725.985,210.331,1830.012,342.499,1777.998,276.415,1777.9985,342.499,0.4277,0.45,0.2072,1.0,0.5452,False,lower_ranked_player_candidate
unknown_6,,121,1025.998,853.959,1136.274,1006.301,1081.136,930.13,1081.136,1006.301,0.3639,0.45,0.2532,1.0,0.533,False,lower_ranked_player_candidate
unknown_5,,121,2518.838,221.756,2600.093,356.539,2559.465,289.148,2559.4655000000002,356.539,0.3624,0.45,0.165,1.0,0.5167,False,lower_ranked_player_candidate
unknown_7,,121,2141.412,187.767,2213.337,346.002,2177.375,266.885,2177.3745,346.002,0.3306,0.45,0.1715,1.0,0.5077,False,lower_ranked_player_candidate
unknown_9,,121,1.703,1464.894,275.561,1743.231,138.632,1604.062,138.63199999999998,1743.231,0.2823,0.05,1.0,1.0,0.4893,False,far_outside_court_region
unknown_8,,121,1411.123,168.257,1472.221,332.921,1441.672,250.589,1441.672,332.921,0.2803,0.45,0.1516,1.0,0.488,False,lower_ranked_player_candidate
unknown_11,,121,407.124,1054.381,523.762,1283.507,465.443,1168.944,465.443,1283.507,0.276,0.05,0.4028,1.0,0.3798,False,far_outside_court_region
unknown_10,,121,402.128,1042.251,576.85,1283.004,489.489,1162.628,489.48900000000003,1283.004,0.2746,0.05,0.6339,1.0,0.421,False,far_outside_court_region
unknown_12,,121,1917.519,228.559,2004.407,330.979,1960.963,279.769,1960.963,330.979,0.2521,0.45,0.1341,1.0,0.4758,False,lower_ranked_player_candidate
player_1,player_b,122,1288.135,1546.905,1454.033,1927.934,1371.084,1737.419,1371.0839999999998,1927.934,0.7253,0.45,0.9526,1.0,0.7746,True,
player_2,player_a,122,2243.012,407.917,2324.478,543.119,2283.745,475.518,2283.745,543.119,0.6494,1.0,0.166,1.0,0.8177,True,
unknown_3,,122,588.121,827.326,853.701,1088.639,720.911,957.982,720.9110000000001,1088.639,0.4655,0.05,1.0,1.0,0.548,False,far_outside_court_region
unknown_4,,122,1726.052,209.699,1830.304,342.475,1778.178,276.087,1778.1779999999999,342.475,0.4315,0.45,0.2086,1.0,0.5466,False,lower_ranked_player_candidate
unknown_6,,122,1024.811,843.831,1138.857,1005.861,1081.834,924.846,1081.8339999999998,1005.861,0.3743,0.45,0.2785,1.0,0.5409,False,lower_ranked_player_candidate
unknown_5,,122,2520.241,221.631,2600.468,356.089,2560.354,288.86,2560.3545,356.089,0.3614,0.45,0.1626,1.0,0.5159,False,lower_ranked_player_candidate
unknown_7,,122,2141.318,186.643,2213.569,346.408,2177.444,266.525,2177.4435000000003,346.408,0.3462,0.45,0.174,1.0,0.5131,False,lower_ranked_player_candidate
unknown_8,,122,1410.909,168.416,1472.38,333.203,1441.644,250.81,1441.6445,333.203,0.2769,0.45,0.1527,1.0,0.4871,False,lower_ranked_player_candidate
unknown_11,,122,407.517,1054.768,522.804,1284.109,465.16,1169.439,465.16049999999996,1284.109,0.2769,0.05,0.3985,1.0,0.3793,False,far_outside_court_region
unknown_10,,122,394.048,1049.873,567.671,1300.659,480.859,1175.266,480.8595,1300.659,0.2728,0.05,0.6562,1.0,0.4244,False,far_outside_court_region
unknown_12,,122,1917.546,228.501,2004.28,331.044,1960.913,279.773,1960.913,331.044,0.2527,0.45,0.134,1.0,0.476,False,lower_ranked_player_candidate
unknown_9,,122,1.74,1464.769,275.926,1742.792,138.833,1603.781,138.833,1742.792,0.2524,0.05,1.0,1.0,0.4798,False,far_outside_court_region
player_1,player_b,123,1288.041,1547.965,1458.063,1927.412,1373.052,1737.688,1373.0520000000001,1927.412,0.7277,0.45,0.9723,1.0,0.7789,True,
player_2,player_a,123,2243.873,407.928,2324.246,542.159,2284.059,475.044,2284.0595000000003,542.159,0.6784,1.0,0.1626,1.0,0.8264,True,
unknown_3,,123,587.981,827.365,853.792,1088.325,720.887,957.845,720.8865000000001,1088.325,0.4751,0.05,1.0,1.0,0.551,False,far_outside_court_region
unknown_4,,123,1727.276,212.616,1828.75,343.791,1778.013,278.204,1778.013,343.791,0.437,0.45,0.2006,1.0,0.5469,False,lower_ranked_player_candidate
unknown_6,,123,1024.619,843.45,1138.875,1005.948,1081.747,924.699,1081.7469999999998,1005.948,0.3793,0.45,0.2798,1.0,0.5427,False,lower_ranked_player_candidate
unknown_5,,123,2520.38,222.299,2600.206,356.169,2560.293,289.234,2560.293,356.169,0.3601,0.45,0.161,1.0,0.5152,False,lower_ranked_player_candidate
unknown_7,,123,2141.552,187.583,2213.457,346.299,2177.505,266.941,2177.5045,346.299,0.3374,0.45,0.172,1.0,0.5099,False,lower_ranked_player_candidate
unknown_10,,123,392.837,1049.066,579.191,1302.002,486.014,1175.534,486.014,1302.002,0.2831,0.05,0.7104,1.0,0.4375,False,far_outside_court_region
unknown_11,,123,406.305,1054.437,524.389,1284.48,465.347,1169.458,465.347,1284.48,0.2682,0.05,0.4094,1.0,0.3785,False,far_outside_court_region
unknown_8,,123,1410.872,168.38,1472.219,332.898,1441.546,250.639,1441.5455000000002,332.898,0.2681,0.45,0.1521,1.0,0.4842,False,lower_ranked_player_candidate
unknown_9,,123,1.691,1464.847,275.973,1743.233,138.832,1604.04,138.832,1743.233,0.2599,0.05,1.0,1.0,0.4822,False,far_outside_court_region
unknown_12,,123,1917.507,228.544,2004.223,330.982,1960.865,279.763,1960.865,330.982,0.2516,0.45,0.1339,1.0,0.4756,False,lower_ranked_player_candidate
player_2,player_a,124,2244.109,409.47,2327.218,542.431,2285.664,475.95,2285.6634999999997,542.431,0.7338,1.0,0.1665,1.0,0.8448,True,
player_1,player_b,124,1288.639,1546.146,1464.781,1927.496,1376.71,1736.821,1376.71,1927.496,0.7245,0.45,1.0,1.0,0.7828,True,
unknown_3,,124,587.577,827.17,854.274,1088.458,720.925,957.814,720.9255,1088.458,0.4649,0.05,1.0,1.0,0.5478,False,far_outside_court_region
unknown_4,,124,1726.157,209.252,1830.567,342.384,1778.362,275.818,1778.362,342.384,0.4389,0.45,0.2095,1.0,0.5492,False,lower_ranked_player_candidate
unknown_6,,124,1024.544,843.787,1139.294,1005.695,1081.919,924.741,1081.919,1005.695,0.3907,0.45,0.28,1.0,0.5464,False,lower_ranked_player_candidate
unknown_5,,124,2521.846,223.592,2600.178,355.847,2561.012,289.72,2561.0119999999997,355.847,0.3543,0.45,0.1561,1.0,0.5125,False,lower_ranked_player_candidate
unknown_7,,124,2141.447,187.972,2213.475,345.856,2177.461,266.914,2177.4610000000002,345.856,0.3475,0.45,0.1714,1.0,0.513,False,lower_ranked_player_candidate
unknown_10,,124,392.907,1049.907,578.632,1303.321,485.77,1176.614,485.7695,1303.321,0.2847,0.05,0.7093,1.0,0.4378,False,far_outside_court_region
unknown_8,,124,1410.814,168.148,1472.382,333.14,1441.598,250.644,1441.598,333.14,0.28,0.45,0.1531,1.0,0.4882,False,lower_ranked_player_candidate
unknown_11,,124,406.354,1054.833,524.12,1284.488,465.237,1169.66,465.23699999999997,1284.488,0.2747,0.05,0.4076,1.0,0.3803,False,far_outside_court_region
unknown_12,,124,1917.448,227.886,2004.272,330.958,1960.86,279.422,1960.8600000000001,330.958,0.2733,0.45,0.1349,1.0,0.4827,False,lower_ranked_player_candidate
unknown_9,,124,1.709,1465.076,275.913,1744.162,138.811,1604.619,138.811,1744.162,0.2608,0.05,1.0,1.0,0.4825,False,far_outside_court_region
player_2,player_a,125,2244.95,408.201,2325.948,540.875,2285.449,474.538,2285.4489999999996,540.875,0.7508,1.0,0.162,1.0,0.8492,True,
player_1,player_b,125,1287.408,1545.181,1467.31,1927.822,1377.359,1736.502,1377.359,1927.822,0.6909,0.45,1.0,1.0,0.7721,True,
unknown_3,,125,587.636,827.444,853.846,1088.372,720.741,957.908,720.741,1088.372,0.4669,0.05,1.0,1.0,0.5484,False,far_outside_court_region
unknown_4,,125,1725.821,209.494,1830.601,342.518,1778.211,276.006,1778.211,342.518,0.43,0.45,0.2101,1.0,0.5464,False,lower_ranked_player_candidate
unknown_6,,125,1024.58,844.191,1139.0,1005.742,1081.79,924.967,1081.79,1005.742,0.3906,0.45,0.2786,1.0,0.5461,False,lower_ranked_player_candidate
unknown_7,,125,2141.448,187.99,2213.281,346.368,2177.365,267.179,2177.3644999999997,346.368,0.3621,0.45,0.1715,1.0,0.5177,False,lower_ranked_player_candidate
unknown_5,,125,2522.782,224.388,2599.786,356.089,2561.284,290.238,2561.284,356.089,0.3438,0.45,0.1528,1.0,0.5085,False,lower_ranked_player_candidate
unknown_8,,125,1410.827,168.402,1472.26,333.132,1441.544,250.767,1441.5435,333.132,0.2791,0.45,0.1525,1.0,0.4878,False,lower_ranked_player_candidate
unknown_10,,125,392.168,1049.691,580.665,1304.001,486.416,1176.846,486.4165,1304.001,0.2717,0.05,0.7224,1.0,0.436,False,far_outside_court_region
unknown_11,,125,406.421,1054.689,524.411,1284.766,465.416,1169.728,465.41599999999994,1284.766,0.2705,0.05,0.4091,1.0,0.3792,False,far_outside_court_region
unknown_12,,125,1917.231,227.822,2003.982,331.171,1960.606,279.496,1960.6064999999999,331.171,0.2687,0.45,0.1351,1.0,0.4813,False,lower_ranked_player_candidate
unknown_9,,125,1.752,1465.025,276.096,1744.625,138.924,1604.825,138.924,1744.625,0.2582,0.05,1.0,1.0,0.4816,False,far_outside_court_region
player_2,player_a,126,2245.021,408.208,2325.831,540.861,2285.426,474.535,2285.4260000000004,540.861,0.7508,1.0,0.1616,1.0,0.8491,True,
player_1,player_b,126,1287.404,1544.869,1467.264,1927.829,1377.334,1736.349,1377.3339999999998,1927.829,0.6908,0.45,1.0,1.0,0.7721,True,
unknown_3,,126,587.759,827.797,854.27,1088.405,721.014,958.101,721.0145,1088.405,0.4599,0.05,1.0,1.0,0.5462,False,far_outside_court_region
unknown_4,,126,1726.002,209.517,1830.566,342.698,1778.284,276.107,1778.284,342.698,0.4292,0.45,0.2099,1.0,0.5461,False,lower_ranked_player_candidate
unknown_6,,126,1024.572,843.734,1139.097,1005.765,1081.835,924.749,1081.8345,1005.765,0.3845,0.45,0.2797,1.0,0.5444,False,lower_ranked_player_candidate
unknown_7,,126,2141.392,188.026,2213.264,346.366,2177.328,267.196,2177.328,346.366,0.3636,0.45,0.1715,1.0,0.5182,False,lower_ranked_player_candidate
unknown_5,,126,2522.802,224.37,2599.775,356.115,2561.288,290.243,2561.2885,356.115,0.344,0.45,0.1528,1.0,0.5086,False,lower_ranked_player_candidate
unknown_8,,126,1410.828,168.382,1472.261,333.162,1441.544,250.772,1441.5445,333.162,0.2809,0.45,0.1526,1.0,0.4883,False,lower_ranked_player_candidate
unknown_10,,126,391.749,1049.429,582.053,1304.433,486.901,1176.931,486.901,1304.433,0.2704,0.05,0.7313,1.0,0.4372,False,far_outside_court_region
unknown_9,,126,1.772,1464.57,276.166,1744.346,138.969,1604.458,138.969,1744.346,0.268,0.05,1.0,1.0,0.4848,False,far_outside_court_region
unknown_11,,126,405.792,1054.52,524.315,1285.18,465.053,1169.85,465.0535,1285.18,0.268,0.05,0.412,1.0,0.3789,False,far_outside_court_region
unknown_12,,126,1917.248,227.851,2004.034,331.223,1960.641,279.537,1960.641,331.223,0.2676,0.45,0.1352,1.0,0.481,False,lower_ranked_player_candidate
player_2,player_a,127,2240.554,405.301,2323.213,539.5,2281.884,472.401,2281.8835,539.5,0.7467,0.75,0.1672,1.0,0.754,True,
player_1,player_b,127,1286.231,1546.247,1469.466,1927.688,1377.849,1736.967,1377.8485,1927.688,0.6885,0.45,1.0,1.0,0.7713,True,
unknown_3,,127,588.271,827.04,853.941,1088.366,721.106,957.703,721.106,1088.366,0.4548,0.05,1.0,1.0,0.5445,False,far_outside_court_region
unknown_4,,127,1727.19,207.529,1830.642,342.296,1778.916,274.912,1778.9160000000002,342.296,0.4379,0.45,0.2101,1.0,0.5489,False,lower_ranked_player_candidate
unknown_6,,127,1023.818,843.089,1139.473,1005.551,1081.645,924.32,1081.6455,1005.551,0.3785,0.45,0.2832,1.0,0.5431,False,lower_ranked_player_candidate
unknown_7,,127,2143.14,186.361,2209.96,344.761,2176.55,265.561,2176.55,344.761,0.3411,0.45,0.1595,1.0,0.5089,False,lower_ranked_player_candidate
unknown_5,,127,2525.135,224.214,2599.64,355.637,2562.388,289.926,2562.3875,355.637,0.3344,0.45,0.1476,1.0,0.5046,False,lower_ranked_player_candidate
unknown_8,,127,1410.484,168.316,1472.37,333.311,1441.427,250.814,1441.427,333.311,0.2848,0.45,0.1539,1.0,0.4898,False,lower_ranked_player_candidate
unknown_11,,127,405.771,1054.059,524.704,1287.225,465.238,1170.642,465.23749999999995,1287.225,0.2816,0.05,0.4179,1.0,0.3843,False,far_outside_court_region
unknown_10,,127,400.81,1040.573,580.164,1289.064,490.487,1164.819,490.48699999999997,1289.064,0.2802,0.05,0.6717,1.0,0.4296,False,far_outside_court_region
unknown_12,,127,1917.903,227.943,2003.693,330.945,1960.798,279.444,1960.798,330.945,0.2592,0.45,0.1332,1.0,0.4779,False,lower_ranked_player_candidate
player_2,player_a,128,2240.535,405.273,2323.163,539.524,2281.849,472.399,2281.849,539.524,0.7458,0.75,0.1672,1.0,0.7537,True,
player_1,player_b,128,1286.387,1546.292,1469.534,1927.666,1377.96,1736.979,1377.9605000000001,1927.666,0.6916,0.45,1.0,1.0,0.7723,True,
unknown_3,,128,588.274,827.062,853.936,1088.363,721.105,957.712,721.105,1088.363,0.4536,0.05,1.0,1.0,0.5442,False,far_outside_court_region
unknown_4,,128,1727.24,207.599,1830.643,342.311,1778.941,274.955,1778.9415,342.311,0.437,0.45,0.2099,1.0,0.5486,False,lower_ranked_player_candidate
unknown_6,,128,1023.889,843.151,1139.455,1005.575,1081.672,924.363,1081.672,1005.575,0.3808,0.45,0.2829,1.0,0.5438,False,lower_ranked_player_candidate
unknown_7,,128,2143.106,186.379,2209.974,344.788,2176.54,265.584,2176.54,344.788,0.3414,0.45,0.1596,1.0,0.509,False,lower_ranked_player_candidate
unknown_5,,128,2525.089,224.181,2599.675,355.634,2562.382,289.908,2562.382,355.634,0.3348,0.45,0.1478,1.0,0.5047,False,lower_ranked_player_candidate
unknown_8,,128,1410.487,168.32,1472.368,333.306,1441.428,250.813,1441.4275,333.306,0.2843,0.45,0.1539,1.0,0.4897,False,lower_ranked_player_candidate
unknown_11,,128,405.76,1054.09,524.707,1287.18,465.234,1170.635,465.2335,1287.18,0.2817,0.05,0.4178,1.0,0.3844,False,far_outside_court_region
unknown_10,,128,400.813,1040.7,580.097,1289.015,490.455,1164.857,490.455,1289.015,0.2802,0.05,0.6709,1.0,0.4294,False,far_outside_court_region
unknown_12,,128,1917.93,227.947,2003.703,330.946,1960.816,279.447,1960.8165,330.946,0.2589,0.45,0.1331,1.0,0.4778,False,lower_ranked_player_candidate
player_2,player_a,129,2235.739,400.687,2319.097,545.783,2277.418,473.235,2277.418,545.783,0.7238,1.0,0.1823,1.0,0.8444,True,
player_1,player_b,129,1287.031,1547.797,1475.941,1927.334,1381.486,1737.565,1381.4859999999999,1927.334,0.7015,0.45,1.0,1.0,0.7755,True,
unknown_4,,129,1726.645,206.85,1830.288,342.051,1778.466,274.45,1778.4665,342.051,0.4486,0.45,0.2112,1.0,0.5526,False,lower_ranked_player_candidate
unknown_3,,129,588.192,827.364,854.372,1088.233,721.282,957.798,721.2819999999999,1088.233,0.4483,0.05,1.0,1.0,0.5425,False,far_outside_court_region
unknown_6,,129,1023.223,841.957,1140.25,1005.408,1081.737,923.682,1081.7365,1005.408,0.3824,0.45,0.2883,1.0,0.5453,False,lower_ranked_player_candidate
unknown_7,,129,2140.41,186.038,2213.541,346.793,2176.976,266.415,2176.9755,346.793,0.3598,0.45,0.1772,1.0,0.518,False,lower_ranked_player_candidate
unknown_5,,129,2525.639,224.395,2599.521,355.407,2562.58,289.901,2562.58,355.407,0.3345,0.45,0.1459,1.0,0.5043,False,lower_ranked_player_candidate
unknown_10,,129,400.778,1040.173,580.648,1288.211,490.713,1164.192,490.713,1288.211,0.2908,0.05,0.6724,1.0,0.4331,False,far_outside_court_region
unknown_8,,129,1410.128,167.977,1472.286,333.522,1441.207,250.75,1441.2069999999999,333.522,0.2896,0.45,0.1551,1.0,0.4916,False,lower_ranked_player_candidate
unknown_11,,129,405.48,1053.409,525.033,1287.103,465.256,1170.256,465.2565,1287.103,0.2839,0.05,0.421,1.0,0.3856,False,far_outside_court_region
unknown_12,,129,1917.634,227.827,2003.851,330.964,1960.742,279.396,1960.7425,330.964,0.27,0.45,0.134,1.0,0.4815,False,lower_ranked_player_candidate
player_2,player_a,130,2240.694,394.306,2317.3,553.842,2278.997,474.074,2278.9970000000003,553.842,0.7284,1.0,0.1842,1.0,0.8462,True,
player_1,player_b,130,1285.009,1546.93,1480.349,1926.393,1382.679,1736.662,1382.679,1926.393,0.6778,0.45,1.0,1.0,0.7679,True,
unknown_4,,130,1727.0,206.889,1830.385,341.894,1778.693,274.391,1778.6925,341.894,0.4551,0.45,0.2103,1.0,0.5545,False,lower_ranked_player_candidate
unknown_3,,130,587.905,827.12,854.352,1088.182,721.128,957.651,721.1285,1088.182,0.4472,0.05,1.0,1.0,0.5421,False,far_outside_court_region
unknown_6,,130,1023.008,841.158,1140.058,1005.219,1081.533,923.188,1081.533,1005.219,0.3896,0.45,0.2894,1.0,0.5478,False,lower_ranked_player_candidate
unknown_7,,130,2139.831,185.723,2213.79,346.484,2176.811,266.103,2176.8105,346.484,0.3525,0.45,0.1792,1.0,0.5161,False,lower_ranked_player_candidate
unknown_5,,130,2525.789,225.652,2599.542,355.181,2562.666,290.416,2562.6655,355.181,0.3258,0.45,0.144,1.0,0.5012,False,lower_ranked_player_candidate
unknown_10,,130,394.293,1049.053,571.108,1302.328,482.701,1175.691,482.7005,1302.328,0.2996,0.05,0.6749,1.0,0.4364,False,far_outside_court_region
unknown_11,,130,406.176,1053.84,525.066,1287.935,465.621,1170.888,465.621,1287.935,0.2908,0.05,0.4194,1.0,0.3876,False,far_outside_court_region
unknown_8,,130,1410.259,167.668,1471.878,333.199,1441.069,250.434,1441.0684999999999,333.199,0.2886,0.45,0.1537,1.0,0.491,False,lower_ranked_player_candidate
unknown_12,,130,1917.498,227.634,2003.749,330.982,1960.623,279.308,1960.6235000000001,330.982,0.2731,0.45,0.1343,1.0,0.4826,False,lower_ranked_player_candidate
player_2,player_a,131,2240.663,394.114,2317.306,553.861,2278.985,473.988,2278.9845,553.861,0.7305,1.0,0.1845,1.0,0.847,True,
player_1,player_b,131,1284.996,1546.877,1480.273,1926.33,1382.635,1736.603,1382.6345000000001,1926.33,0.6753,0.45,1.0,1.0,0.7671,True,
unknown_4,,131,1727.008,206.912,1830.386,341.894,1778.697,274.403,1778.6970000000001,341.894,0.4547,0.45,0.2103,1.0,0.5544,False,lower_ranked_player_candidate
unknown_3,,131,587.897,827.12,854.356,1088.176,721.126,957.648,721.1265000000001,1088.176,0.4467,0.05,1.0,1.0,0.5419,False,far_outside_court_region
unknown_6,,131,1023.017,841.188,1140.031,1005.216,1081.524,923.202,1081.524,1005.216,0.3907,0.45,0.2893,1.0,0.5481,False,lower_ranked_player_candidate
unknown_7,,131,2139.829,185.683,2213.775,346.469,2176.802,266.076,2176.802,346.469,0.3528,0.45,0.1792,1.0,0.5161,False,lower_ranked_player_candidate
unknown_5,,131,2525.833,225.648,2599.542,355.184,2562.688,290.416,2562.6875,355.184,0.3261,0.45,0.1439,1.0,0.5013,False,lower_ranked_player_candidate
unknown_10,,131,394.284,1049.073,571.218,1302.352,482.751,1175.713,482.751,1302.352,0.2986,0.05,0.6754,1.0,0.4361,False,far_outside_court_region
unknown_11,,131,406.223,1053.855,525.035,1287.918,465.629,1170.886,465.629,1287.918,0.2903,0.05,0.4191,1.0,0.3873,False,far_outside_court_region
unknown_8,,131,1410.289,167.699,1471.873,333.185,1441.081,250.442,1441.0810000000001,333.185,0.2884,0.45,0.1536,1.0,0.4909,False,lower_ranked_player_candidate
unknown_12,,131,1917.499,227.63,2003.733,330.978,1960.616,279.304,1960.616,330.978,0.2729,0.45,0.1343,1.0,0.4825,False,lower_ranked_player_candidate
player_2,player_a,132,2245.378,388.287,2316.248,554.724,2280.813,471.505,2280.813,554.724,0.7328,1.0,0.1778,1.0,0.8465,True,
player_1,player_b,132,1283.302,1549.305,1481.539,1925.134,1382.421,1737.22,1382.4205,1925.134,0.7019,0.45,1.0,1.0,0.7756,True,
unknown_4,,132,1727.94,207.478,1830.344,341.896,1779.142,274.687,1779.142,341.896,0.4288,0.45,0.2074,1.0,0.5456,False,lower_ranked_player_candidate
unknown_3,,132,587.875,826.9,854.272,1087.594,721.074,957.247,721.0735,1087.594,0.4244,0.05,1.0,1.0,0.5348,False,far_outside_court_region
unknown_6,,132,1022.781,840.513,1139.967,1005.463,1081.374,922.988,1081.374,1005.463,0.4104,0.45,0.2913,1.0,0.5548,False,lower_ranked_player_candidate
unknown_7,,132,2141.415,183.263,2210.977,345.663,2176.196,264.463,2176.196,345.663,0.3305,0.45,0.1702,1.0,0.5074,False,lower_ranked_player_candidate
unknown_5,,132,2526.827,226.0,2599.446,354.619,2563.137,290.31,2563.1365,354.619,0.3144,0.45,0.1408,1.0,0.4969,False,lower_ranked_player_candidate
unknown_8,,132,1410.605,168.191,1471.891,333.183,1441.248,250.687,1441.248,333.183,0.299,0.45,0.1524,1.0,0.4941,False,lower_ranked_player_candidate
unknown_10,,132,394.826,1049.628,564.138,1303.016,479.482,1176.322,479.482,1303.016,0.2956,0.05,0.6465,1.0,0.43,False,far_outside_court_region
unknown_11,,132,405.978,1054.272,523.988,1288.079,464.983,1171.176,464.98300000000006,1288.079,0.2929,0.05,0.4158,1.0,0.3876,False,far_outside_court_region
unknown_12,,132,1917.432,227.58,2003.47,330.801,1960.451,279.19,1960.451,330.801,0.2526,0.45,0.1338,1.0,0.4759,False,lower_ranked_player_candidate
player_2,player_a,133,2245.539,388.161,2316.302,554.857,2280.921,471.509,2280.9205,554.857,0.7319,1.0,0.1778,1.0,0.8462,True,
player_1,player_b,133,1283.224,1549.059,1481.566,1925.086,1382.395,1737.073,1382.395,1925.086,0.7014,0.45,1.0,1.0,0.7754,True,
unknown_4,,133,1728.0,207.584,1830.294,341.835,1779.147,274.709,1779.147,341.835,0.4259,0.45,0.207,1.0,0.5445,False,lower_ranked_player_candidate
unknown_3,,133,587.904,826.801,854.084,1087.74,720.994,957.27,720.9939999999999,1087.74,0.4201,0.05,1.0,1.0,0.5334,False,far_outside_court_region
unknown_6,,133,1022.516,840.818,1139.806,1005.379,1081.161,923.099,1081.161,1005.379,0.4149,0.45,0.2909,1.0,0.5561,False,lower_ranked_player_candidate
unknown_7,,133,2142.007,182.774,2211.123,345.259,2176.565,264.017,2176.565,345.259,0.3305,0.45,0.1692,1.0,0.5072,False,lower_ranked_player_candidate
unknown_5,,133,2526.871,225.9,2599.378,354.052,2563.125,289.976,2563.1245,354.052,0.3171,0.45,0.14,1.0,0.4977,False,lower_ranked_player_candidate
unknown_10,,133,394.339,1048.954,563.221,1301.717,478.78,1175.335,478.78,1301.717,0.3081,0.05,0.6433,1.0,0.4334,False,far_outside_court_region
unknown_11,,133,404.851,1053.103,524.033,1288.83,464.442,1170.967,464.442,1288.83,0.2988,0.05,0.4234,1.0,0.3908,False,far_outside_court_region
unknown_8,,133,1410.622,168.293,1471.958,333.31,1441.29,250.802,1441.29,333.31,0.2956,0.45,0.1525,1.0,0.493,False,lower_ranked_player_candidate
unknown_12,,133,1917.622,227.694,2003.049,330.845,1960.336,279.27,1960.3355000000001,330.845,0.2535,0.45,0.1328,1.0,0.476,False,lower_ranked_player_candidate
player_2,player_a,134,2259.074,384.56,2318.502,553.559,2288.788,469.059,2288.788,553.559,0.7498,1.0,0.1514,1.0,0.8472,True,
player_1,player_b,134,1285.822,1549.083,1490.822,1926.236,1388.322,1737.659,1388.322,1926.236,0.7403,0.45,1.0,1.0,0.7879,True,
unknown_6,,134,1022.221,840.103,1140.036,1005.455,1081.129,922.779,1081.1285,1005.455,0.4224,0.45,0.2936,1.0,0.559,False,lower_ranked_player_candidate
unknown_4,,134,1729.193,208.468,1829.737,341.671,1779.465,275.07,1779.4650000000001,341.671,0.4037,0.45,0.2018,1.0,0.5365,False,lower_ranked_player_candidate
unknown_3,,134,587.713,826.5,853.95,1087.906,720.832,957.203,720.8315,1087.906,0.3996,0.05,1.0,1.0,0.5269,False,far_outside_court_region
unknown_7,,134,2142.683,185.827,2210.638,343.318,2176.661,264.572,2176.6605,343.318,0.3078,0.45,0.1613,1.0,0.4985,False,lower_ranked_player_candidate
unknown_5,,134,2527.443,226.621,2599.129,354.157,2563.286,290.389,2563.286,354.157,0.3035,0.45,0.1378,1.0,0.4929,False,lower_ranked_player_candidate
unknown_10,,134,394.328,1049.015,563.549,1300.992,478.939,1175.003,478.9385,1300.992,0.3022,0.05,0.6426,1.0,0.4314,False,far_outside_court_region
unknown_8,,134,1410.224,168.244,1472.068,333.315,1441.146,250.78,1441.146,333.315,0.2934,0.45,0.1538,1.0,0.4926,False,lower_ranked_player_candidate
unknown_11,,134,405.158,1053.324,524.076,1288.386,464.617,1170.855,464.617,1288.386,0.2863,0.05,0.4213,1.0,0.3864,False,far_outside_court_region
player_1,player_b,135,1286.011,1557.912,1494.865,1927.908,1390.438,1742.91,1390.438,1927.908,0.7776,0.45,1.0,1.0,0.791,True,
player_2,player_a,135,2261.581,380.744,2319.822,554.194,2290.701,467.469,2290.7015,554.194,0.7562,1.0,0.1522,1.0,0.8474,True,
unknown_3,,135,587.674,826.495,854.413,1087.563,721.043,957.029,721.0435,1087.563,0.4103,0.05,1.0,1.0,0.5303,False,far_outside_court_region
unknown_4,,135,1727.889,208.444,1830.227,341.84,1779.058,275.142,1779.058,341.84,0.4073,0.45,0.2057,1.0,0.5384,False,lower_ranked_player_candidate
unknown_6,,135,1022.34,839.946,1140.086,1005.304,1081.213,922.625,1081.213,1005.304,0.4021,0.45,0.2934,1.0,0.5525,False,lower_ranked_player_candidate
unknown_7,,135,2142.626,185.066,2210.602,343.851,2176.614,264.458,2176.614,343.851,0.3198,0.45,0.1627,1.0,0.5026,False,lower_ranked_player_candidate
unknown_5,,135,2527.682,226.023,2599.048,353.776,2563.365,289.9,2563.365,353.776,0.2994,0.45,0.1374,1.0,0.4915,False,lower_ranked_player_candidate
unknown_10,,135,400.648,1039.707,581.683,1293.586,491.165,1166.646,491.1655,1293.586,0.2926,0.05,0.6927,1.0,0.4373,False,far_outside_court_region
unknown_8,,135,1410.381,168.152,1471.873,333.169,1441.127,250.66,1441.127,333.169,0.2887,0.45,0.1529,1.0,0.4909,False,lower_ranked_player_candidate
unknown_11,,135,404.557,1052.945,524.596,1289.62,464.577,1171.283,464.5765,1289.62,0.2728,0.05,0.4282,1.0,0.3834,False,far_outside_court_region
player_1,player_b,136,1285.949,1557.513,1494.812,1928.019,1390.38,1742.766,1390.3805,1928.019,0.7782,0.45,1.0,1.0,0.791,True,
player_2,player_a,136,2261.598,380.65,2319.739,554.217,2290.668,467.434,2290.6684999999998,554.217,0.7537,1.0,0.1521,1.0,0.8474,True,
unknown_3,,136,587.862,826.315,854.099,1087.377,720.98,956.846,720.9805,1087.377,0.4118,0.05,1.0,1.0,0.5308,False,far_outside_court_region
unknown_4,,136,1727.937,208.281,1830.143,341.818,1779.04,275.05,1779.04,341.818,0.4048,0.45,0.2057,1.0,0.5376,False,lower_ranked_player_candidate
unknown_6,,136,1022.053,839.413,1140.29,1005.393,1081.172,922.403,1081.1715,1005.393,0.4021,0.45,0.2958,1.0,0.5529,False,lower_ranked_player_candidate
unknown_7,,136,2143.203,184.52,2210.261,342.221,2176.732,263.371,2176.732,342.221,0.3222,0.45,0.1594,1.0,0.5028,False,lower_ranked_player_candidate
unknown_5,,136,2527.689,225.934,2599.236,353.966,2563.462,289.95,2563.4624999999996,353.966,0.3,0.45,0.138,1.0,0.4918,False,lower_ranked_player_candidate
unknown_10,,136,392.294,1048.353,578.543,1304.412,485.419,1176.382,485.4185,1304.412,0.2958,0.05,0.7187,1.0,0.443,False,far_outside_court_region
unknown_8,,136,1410.292,167.854,1471.858,333.484,1441.075,250.669,1441.0749999999998,333.484,0.2952,0.45,0.1537,1.0,0.4931,False,lower_ranked_player_candidate
unknown_11,,136,403.718,1052.769,524.592,1290.5,464.155,1171.634,464.155,1290.5,0.2809,0.05,0.4331,1.0,0.3868,False,far_outside_court_region
player_2,player_a,150,2260.964,374.29,2337.279,555.461,2299.122,464.875,2299.1215,555.461,0.7201,1.0,0.2084,1.0,0.8479,True,
player_1,player_b,150,1239.623,1545.102,1387.496,1925.916,1313.56,1735.509,1313.5595,1925.916,0.7132,0.45,0.8486,1.0,0.752,True,
unknown_6,,150,1020.959,840.721,1139.23,1003.695,1080.095,922.208,1080.0945,1003.695,0.4326,0.45,0.2905,1.0,0.5617,False,lower_ranked_player_candidate
unknown_5,,150,2525.857,201.077,2601.351,352.721,2563.604,276.899,2563.6040000000003,352.721,0.3798,0.45,0.1725,1.0,0.5236,False,lower_ranked_player_candidate
unknown_4,,150,1736.668,208.424,1830.101,341.63,1783.385,275.027,1783.3845000000001,341.63,0.3759,0.45,0.1876,1.0,0.525,False,lower_ranked_player_candidate
unknown_3,,150,587.481,823.712,854.037,1086.293,720.759,955.003,720.759,1086.293,0.3697,0.05,1.0,1.0,0.5173,False,far_outside_court_region
unknown_7,,150,2142.041,185.662,2213.941,343.824,2177.991,264.743,2177.991,343.824,0.2971,0.45,0.1714,1.0,0.4969,False,lower_ranked_player_candidate
unknown_10,,150,402.193,1040.46,579.367,1291.332,490.78,1165.896,490.78,1291.332,0.2771,0.05,0.6698,1.0,0.4282,False,far_outside_court_region
unknown_8,,150,1410.09,167.53,1472.509,333.83,1441.299,250.68,1441.2995,333.83,0.2632,0.45,0.1564,1.0,0.4834,False,lower_ranked_player_candidate
player_2,player_a,165,2261.334,369.087,2338.507,555.868,2299.92,462.478,2299.9205,555.868,0.7181,1.0,0.2172,1.0,0.8489,True,
unknown_6,,165,1021.258,840.518,1139.456,1004.268,1080.357,922.393,1080.357,1004.268,0.4918,0.45,0.2917,1.0,0.5809,False,lower_ranked_player_candidate
player_1,player_b,165,1263.447,1475.258,1431.117,1861.472,1347.282,1668.365,1347.282,1861.472,0.4626,0.75,0.9759,1.0,0.8087,True,
unknown_3,,165,587.864,823.007,854.889,1086.087,721.377,954.547,721.3765000000001,1086.087,0.4201,0.05,1.0,1.0,0.5334,False,far_outside_court_region
unknown_4,,165,1738.902,205.925,1831.02,340.97,1784.961,273.447,1784.961,340.97,0.3909,0.45,0.1875,1.0,0.5298,False,lower_ranked_player_candidate
unknown_13,,165,1265.88,1562.288,1412.587,1861.708,1339.233,1711.998,1339.2335,1861.708,0.3823,0.75,0.662,0.5,0.6265,False,lower_ranked_player_candidate
unknown_5,,165,2522.604,208.344,2601.313,352.971,2561.959,280.657,2561.9584999999997,352.971,0.3567,0.45,0.1716,1.0,0.516,False,lower_ranked_player_candidate
unknown_10,,165,403.037,1040.045,577.097,1292.213,490.067,1166.129,490.067,1292.213,0.2923,0.05,0.6615,1.0,0.4316,False,far_outside_court_region
unknown_7,,165,2144.175,190.015,2210.809,344.104,2177.492,267.059,2177.492,344.104,0.2912,0.45,0.1547,1.0,0.492,False,lower_ranked_player_candidate
unknown_8,,165,1410.946,167.274,1472.068,333.828,1441.507,250.551,1441.507,333.828,0.2785,0.45,0.1534,1.0,0.4877,False,lower_ranked_player_candidate
unknown_11,,165,382.99,1052.221,528.937,1299.527,455.964,1175.874,455.9635,1299.527,0.2696,0.05,0.5439,1.0,0.4032,False,far_outside_court_region
player_2,player_a,180,2258.249,381.069,2331.508,555.726,2294.878,468.398,2294.8785,555.726,0.7205,1.0,0.1928,1.0,0.8453,True,
player_1,player_b,180,1290.238,1468.856,1459.511,1853.028,1374.874,1660.942,1374.8745,1853.028,0.5988,0.75,0.98,1.0,0.853,True,
unknown_6,,180,1027.306,843.472,1139.898,1007.136,1083.602,925.304,1083.6019999999999,1007.136,0.4776,0.45,0.2777,1.0,0.5738,False,lower_ranked_player_candidate
unknown_4,,180,1728.129,212.57,1828.357,345.652,1778.243,279.111,1778.243,345.652,0.4463,0.45,0.201,1.0,0.55,False,lower_ranked_player_candidate
unknown_3,,180,585.347,828.996,851.103,1091.42,718.225,960.208,718.2249999999999,1091.42,0.4278,0.05,1.0,1.0,0.5359,False,far_outside_court_region
unknown_9,,180,2.376,1466.247,276.326,1747.472,139.351,1606.86,139.351,1747.472,0.3944,0.05,1.0,1.0,0.5252,False,far_outside_court_region
unknown_5,,180,2514.347,224.013,2601.118,357.554,2557.733,290.784,2557.7325,357.554,0.3843,0.45,0.1746,1.0,0.5254,False,lower_ranked_player_candidate
unknown_11,,180,14.404,1466.786,229.001,1717.71,121.702,1592.248,121.7025,1717.71,0.2702,0.05,0.8115,1.0,0.4515,False,far_outside_court_region
unknown_8,,180,1413.387,172.238,1474.74,335.775,1444.063,254.006,1444.0635,335.775,0.266,0.45,0.1512,1.0,0.4833,False,lower_ranked_player_candidate
unknown_10,,180,374.27,1063.621,532.891,1287.467,453.58,1175.544,453.5805,1287.467,0.2653,0.05,0.5351,1.0,0.4002,False,far_outside_court_region
unknown_14,,180,359.359,1058.72,589.45,1308.203,474.405,1183.461,474.4045,1308.203,0.2652,0.05,0.8651,0.5,0.3596,False,far_outside_court_region
